BOARDID,TRADEDATE,SHORTNAME,SECID,OPEN,LOW,HIGH,CLOSE,NUMTRADES,WAPRICE
CETS,2013-04-15,CNYRUB_TOM,CNYRUB_TOM,5.058,5.0567,5.0795,5.06,14,5.062
CETS,2013-04-16,CNYRUB_TOM,CNYRUB_TOM,5.083,5.079,5.086,5.085,8,5.0823
CETS,2013-04-17,CNYRUB_TOM,CNYRUB_TOM,5.06,5.0505,5.09,5.09,5,5.0652
CETS,2013-04-19,CNYRUB_TOM,CNYRUB_TOM,5.1,5.099,5.1027,5.1027,4,5.1002
CETS,2013-04-23,CNYRUB_TOM,CNYRUB_TOM,5.122,5.12,5.13,5.13,4,5.1246
CETS,2013-04-24,CNYRUB_TOM,CNYRUB_TOM,5.12,5.115,5.12,5.115,4,5.1177
CETS,2013-04-25,CNYRUB_TOM,CNYRUB_TOM,5.078,5.078,5.078,5.078,2,5.078
CETS,2013-04-29,CNYRUB_TOM,CNYRUB_TOM,5.0576,5.0576,5.0576,5.0576,1,5.0576
CETS,2013-04-30,CNYRUB_TOM,CNYRUB_TOM,5.045,5.045,5.045,5.045,1,5.045
CETS,2013-05-06,CNYRUB_TOM,CNYRUB_TOM,5.039,5.036,5.0397,5.0397,4,5.0378
CETS,2013-05-07,CNYRUB_TOM,CNYRUB_TOM,5.038,5.038,5.0516,5.0516,2,5.0493
CETS,2013-05-08,CNYRUB_TOM,CNYRUB_TOM,5.057,5.057,5.0665,5.0665,2,5.0646
CETS,2013-05-13,CNYRUB_TOM,CNYRUB_TOM,5.109,5.093,5.109,5.093,4,5.109
CETS,2013-05-14,CNYRUB_TOM,CNYRUB_TOM,5.096,5.096,5.096,5.096,1,5.096
CETS,2013-05-15,CNYRUB_TOM,CNYRUB_TOM,5.12,5.12,5.131,5.131,2,5.1208
CETS,2013-05-16,CNYRUB_TOM,CNYRUB_TOM,5.1065,5.105,5.11,5.11,3,5.1072
CETS,2013-05-17,CNYRUB_TOM,CNYRUB_TOM,5.1145,5.1145,5.1145,5.1145,1,5.1145
CETS,2013-05-22,CNYRUB_TOM,CNYRUB_TOM,5.0935,5.09,5.0935,5.09,2,5.092
CETS,2013-05-27,CNYRUB_TOM,CNYRUB_TOM,5.121,5.121,5.121,5.121,1,5.121
CETS,2013-05-28,CNYRUB_TOM,CNYRUB_TOM,5.13,5.13,5.13,5.13,1,5.13
CETS,2013-05-29,CNYRUB_TOM,CNYRUB_TOM,5.1365,5.1365,5.145,5.145,2,5.1416
CETS,2013-05-31,CNYRUB_TOM,CNYRUB_TOM,5.1635,5.1635,5.197,5.197,7,5.1691
CETS,2013-06-03,CNYRUB_TOM,CNYRUB_TOM,5.2349,5.215,5.2399,5.215,12,5.2275
CETS,2013-06-04,CNYRUB_TOM,CNYRUB_TOM,5.1975,5.1915,5.217,5.217,6,5.1959
CETS,2013-06-05,CNYRUB_TOM,CNYRUB_TOM,5.2056,5.2056,5.247,5.2465,12,5.225
CETS,2013-06-06,CNYRUB_TOM,CNYRUB_TOM,5.2462,5.2345,5.2462,5.2345,5,5.2395
CETS,2013-06-07,CNYRUB_TOM,CNYRUB_TOM,5.242,5.242,5.275,5.275,5,5.2542
CETS,2013-06-10,CNYRUB_TOM,CNYRUB_TOM,5.241,5.241,5.264,5.264,7,5.2541
CETS,2013-06-11,CNYRUB_TOM,CNYRUB_TOM,5.271,5.2695,5.2739,5.2739,3,5.2698
CETS,2013-06-13,CNYRUB_TOM,CNYRUB_TOM,5.26,5.24,5.2687,5.24,10,5.2642
CETS,2013-06-14,CNYRUB_TOM,CNYRUB_TOM,5.172,5.172,5.194,5.194,6,5.1858
CETS,2013-06-17,CNYRUB_TOM,CNYRUB_TOM,5.16,5.16,5.1695,5.1695,4,5.1613
CETS,2013-06-18,CNYRUB_TOM,CNYRUB_TOM,5.2054,5.192,5.23,5.23,10,5.2048
CETS,2013-06-19,CNYRUB_TOM,CNYRUB_TOM,5.222,5.216,5.252,5.252,9,5.2382
CETS,2013-06-20,CNYRUB_TOM,CNYRUB_TOM,5.335,5.333,5.355,5.346,16,5.346
CETS,2013-06-21,CNYRUB_TOM,CNYRUB_TOM,5.33,5.33,5.3575,5.35,10,5.3482
CETS,2013-06-24,CNYRUB_TOM,CNYRUB_TOM,5.3585,5.3585,5.3602,5.3602,2,5.3586
CETS,2013-06-25,CNYRUB_TOM,CNYRUB_TOM,5.3259,5.3259,5.35,5.35,6,5.3372
CETS,2013-06-26,CNYRUB_TOM,CNYRUB_TOM,5.341,5.341,5.353,5.353,3,5.3457
CETS,2014-01-09,CNYRUB_TOM,CNYRUB_TOM,5.475,5.4375,5.4877,5.482,13,5.4768
CETS,2014-01-10,CNYRUB_TOM,CNYRUB_TOM,5.495,5.483,5.515,5.483,6,5.4995
CETS,2014-01-13,CNYRUB_TOM,CNYRUB_TOM,5.497,5.485,5.497,5.496,3,5.4911
CETS,2014-01-14,CNYRUB_TOM,CNYRUB_TOM,5.51,5.51,5.51,5.51,2,5.51
CETS,2014-01-15,CNYRUB_TOM,CNYRUB_TOM,5.5388,5.527,5.5499,5.544,60,5.5359
CETS,2014-01-16,CNYRUB_TOM,CNYRUB_TOM,5.5291,5.5291,5.554,5.5494,19,5.5364
CETS,2014-01-17,CNYRUB_TOM,CNYRUB_TOM,5.545,5.5378,5.547,5.54,15,5.5436
CETS,2014-01-20,CNYRUB_TOM,CNYRUB_TOM,5.5765,5.5765,5.592,5.592,10,5.5833
CETS,2014-01-21,CNYRUB_TOM,CNYRUB_TOM,5.6151,5.6027,5.7225,5.64,28,5.6121
CETS,2014-01-22,CNYRUB_TOM,CNYRUB_TOM,5.6128,5.608,5.6275,5.6225,23,5.6119
CETS,2014-01-23,CNYRUB_TOM,CNYRUB_TOM,5.63,5.6296,5.65,5.6464,23,5.6358
CETS,2014-01-24,CNYRUB_TOM,CNYRUB_TOM,5.6629,5.6629,5.75,5.75,19,5.6797
CETS,2014-01-27,CNYRUB_TOM,CNYRUB_TOM,5.745,5.7383,5.7666,5.7532,21,5.747
CETS,2014-01-28,CNYRUB_TOM,CNYRUB_TOM,5.7271,5.7191,5.8499,5.8499,46,5.7343
CETS,2014-01-29,CNYRUB_TOM,CNYRUB_TOM,5.7053,5.7053,5.746,5.746,32,5.7286
CETS,2014-01-30,CNYRUB_TOM,CNYRUB_TOM,5.83,5.805,5.8753,5.805,7,5.8404
CETS,2014-01-31,CNYRUB_TOM,CNYRUB_TOM,5.8201,5.82,5.8201,5.82,2,5.82
CETS,2014-02-03,CNYRUB_TOM,CNYRUB_TOM,5.86,5.82,5.86,5.82,3,5.8337
CETS,2014-02-04,CNYRUB_TOM,CNYRUB_TOM,5.8288,5.8288,5.85,5.85,5,5.8496
CETS,2014-02-05,CNYRUB_TOM,CNYRUB_TOM,5.807,5.765,5.818,5.77,11,5.8059
CETS,2014-02-06,CNYRUB_TOM,CNYRUB_TOM,5.765,5.76,5.772,5.772,4,5.7683
CETS,2014-02-07,CNYRUB_TOM,CNYRUB_TOM,5.717,5.717,5.756,5.756,24,5.7308
CETS,2014-02-10,CNYRUB_TOM,CNYRUB_TOM,5.7351,5.7351,5.769,5.769,24,5.7476
CETS,2014-02-11,CNYRUB_TOM,CNYRUB_TOM,5.7555,5.7502,5.765,5.753,43,5.7557
CETS,2014-02-12,CNYRUB_TOM,CNYRUB_TOM,5.7445,5.743,5.773,5.773,24,5.7482
CETS,2014-02-13,CNYRUB_TOM,CNYRUB_TOM,5.7629,5.7554,5.8097,5.8097,40,5.7645
CETS,2014-02-14,CNYRUB_TOM,CNYRUB_TOM,5.825,5.8122,5.85,5.8122,68,5.8339
CETS,2014-02-17,CNYRUB_TOM,CNYRUB_TOM,5.8154,5.7955,5.8163,5.8121,29,5.8061
CETS,2014-02-18,CNYRUB_TOM,CNYRUB_TOM,5.8249,5.82,5.8515,5.8425,49,5.8249
CETS,2014-02-19,CNYRUB_TOM,CNYRUB_TOM,5.8773,5.867,5.9202,5.9202,59,5.8753
CETS,2014-02-20,CNYRUB_TOM,CNYRUB_TOM,5.895,5.88,5.9061,5.9,33,5.8934
CETS,2014-02-21,CNYRUB_TOM,CNYRUB_TOM,5.8669,5.8383,6.0392,6.0392,20,5.8652
CETS,2014-02-24,CNYRUB_TOM,CNYRUB_TOM,5.8298,5.8056,5.8338,5.8338,9,5.8261
CETS,2014-02-25,CNYRUB_TOM,CNYRUB_TOM,5.8159,5.8133,5.824,5.8133,14,5.8195
CETS,2014-02-26,CNYRUB_TOM,CNYRUB_TOM,5.835,5.835,5.89,5.89,17,5.8627
CETS,2014-02-27,CNYRUB_TOM,CNYRUB_TOM,5.8942,5.8843,5.93,5.93,47,5.8972
CETS,2014-02-28,CNYRUB_TOM,CNYRUB_TOM,5.8874,5.8874,5.9119,5.8901,42,5.9009
CETS,2014-03-03,CNYRUB_TOM,CNYRUB_TOM,5.92,5.92,5.9518,5.9518,23,5.944
CETS,2014-03-04,CNYRUB_TOM,CNYRUB_TOM,5.9245,5.901,5.936,5.901,40,5.9232
CETS,2014-03-05,CNYRUB_TOM,CNYRUB_TOM,5.8841,5.883,5.906,5.89,20,5.8945
CETS,2014-03-06,CNYRUB_TOM,CNYRUB_TOM,5.903,5.903,5.93,5.9245,17,5.9143
CETS,2014-03-07,CNYRUB_TOM,CNYRUB_TOM,5.942,5.93,5.9474,5.9446,24,5.9378
CETS,2014-03-11,CNYRUB_TOM,CNYRUB_TOM,5.95,5.9346,5.95,5.9346,17,5.9398
CETS,2014-03-12,CNYRUB_TOM,CNYRUB_TOM,5.9354,5.9323,5.94,5.936,9,5.9367
CETS,2014-03-13,CNYRUB_TOM,CNYRUB_TOM,5.935,5.9321,5.94,5.9395,5,5.9386
CETS,2014-03-14,CNYRUB_TOM,CNYRUB_TOM,5.9509,5.95,5.967,5.967,9,5.964
CETS,2014-03-17,CNYRUB_TOM,CNYRUB_TOM,5.943,5.9146,5.943,5.9146,5,5.9376
CETS,2014-03-18,CNYRUB_TOM,CNYRUB_TOM,5.8799,5.8799,5.9175,5.88,14,5.8943
CETS,2015-01-05,CNYRUB_TOM,CNYRUB_TOM,10.9166,9.5408,10.9166,10.916,6,10.4309
CETS,2015-01-06,CNYRUB_TOM,CNYRUB_TOM,11.99,10.3037,11.99,10.3434,12,10.7766
CETS,2015-01-08,CNYRUB_TOM,CNYRUB_TOM,10.3923,10.39,10.3923,10.39,2,10.3907
CETS,2015-01-09,CNYRUB_TOM,CNYRUB_TOM,10.7899,10.7899,10.7899,10.7899,1,10.7899
CETS,2015-01-12,CNYRUB_TOM,CNYRUB_TOM,10.1221,10.001,10.2499,10.2499,1218,10.1244
CETS,2015-01-13,CNYRUB_TOM,CNYRUB_TOM,10.36,10.36,10.708,10.502,1214,10.4782
CETS,2015-01-14,CNYRUB_TOM,CNYRUB_TOM,10.67,10.4263,11.0,10.4263,1188,10.6667
CETS,2015-01-15,CNYRUB_TOM,CNYRUB_TOM,10.4645,10.0767,10.637,10.4,1238,10.5266
CETS,2015-01-16,CNYRUB_TOM,CNYRUB_TOM,10.508,10.2841,10.5147,10.49,1207,10.4838
CETS,2015-01-19,CNYRUB_TOM,CNYRUB_TOM,10.45,10.3,10.5715,10.5715,1199,10.4165
CETS,2015-01-20,CNYRUB_TOM,CNYRUB_TOM,10.457,10.4232,10.52,10.52,1185,10.4685
CETS,2015-01-21,CNYRUB_TOM,CNYRUB_TOM,10.519,10.3372,10.6271,10.3897,1248,10.5762
CETS,2015-01-22,CNYRUB_TOM,CNYRUB_TOM,10.512,10.347,10.5685,10.3747,1188,10.5311
CETS,2015-01-23,CNYRUB_TOM,CNYRUB_TOM,10.12,10.12,10.344,10.278,1234,10.204
CETS,2015-01-26,CNYRUB_TOM,CNYRUB_TOM,10.4485,10.4421,10.5367,10.5367,1235,10.4974
CETS,2015-01-27,CNYRUB_TOM,CNYRUB_TOM,10.7,10.5001,10.9137,10.5401,1217,10.8481
CETS,2015-01-28,CNYRUB_TOM,CNYRUB_TOM,10.7019,10.6902,10.8669,10.8669,1269,10.7691
CETS,2015-01-29,CNYRUB_TOM,CNYRUB_TOM,11.1516,10.9011,11.7451,11.2,1209,11.0253
CETS,2015-01-30,CNYRUB_TOM,CNYRUB_TOM,11.023,10.9978,11.4326,11.22,1244,11.0748
CETS,2015-02-02,CNYRUB_TOM,CNYRUB_TOM,11.0881,10.93,11.2843,10.95,1271,11.158
CETS,2015-02-03,CNYRUB_TOM,CNYRUB_TOM,10.77,10.4938,11.0152,10.6,1265,10.725
CETS,2015-02-04,CNYRUB_TOM,CNYRUB_TOM,10.373,10.3349,11.0418,11.0418,1218,10.5236
CETS,2015-02-05,CNYRUB_TOM,CNYRUB_TOM,10.98,10.6,11.1496,11.028,1243,10.9176
CETS,2015-02-06,CNYRUB_TOM,CNYRUB_TOM,10.5916,10.5123,10.9802,10.9802,1210,10.571
CETS,2015-02-09,CNYRUB_TOM,CNYRUB_TOM,10.615,10.42,10.9399,10.5049,1243,10.4983
CETS,2015-02-10,CNYRUB_TOM,CNYRUB_TOM,10.45,10.4169,10.75,10.75,1244,10.514
CETS,2015-02-11,CNYRUB_TOM,CNYRUB_TOM,10.565,10.5,10.6466,10.5,1231,10.5932
CETS,2015-02-12,CNYRUB_TOM,CNYRUB_TOM,10.4641,10.3476,10.7397,10.71,1213,10.5502
CETS,2015-02-13,CNYRUB_TOM,CNYRUB_TOM,10.37,10.1474,10.5136,10.2118,1241,10.4111
CETS,2015-02-16,CNYRUB_TOM,CNYRUB_TOM,10.1454,9.8955,10.3831,9.92,1224,9.9978
CETS,2015-02-17,CNYRUB_TOM,CNYRUB_TOM,9.3499,9.3499,10.4997,10.0823,1191,9.9928
CETS,2015-02-18,CNYRUB_TOM,CNYRUB_TOM,10.32,9.72,10.32,10.0,1232,9.9692
CETS,2015-02-19,CNYRUB_TOM,CNYRUB_TOM,9.905,9.8475,9.9999,9.9999,1206,9.906
CETS,2015-02-20,CNYRUB_TOM,CNYRUB_TOM,9.833,9.7951,9.9206,9.82,1191,9.8527
CETS,2015-02-24,CNYRUB_TOM,CNYRUB_TOM,10.0012,10.0,10.1609,10.0,1208,10.0743
CETS,2015-02-25,CNYRUB_TOM,CNYRUB_TOM,10.0119,9.8443,10.0119,9.92,1245,9.961
CETS,2015-02-26,CNYRUB_TOM,CNYRUB_TOM,9.6871,9.5438,9.71,9.71,1225,9.659
CETS,2015-02-27,CNYRUB_TOM,CNYRUB_TOM,9.7941,9.6808,9.83,9.83,1244,9.745
CETS,2015-03-02,CNYRUB_TOM,CNYRUB_TOM,9.8717,9.7606,10.039,9.88,433,9.911
CETS,2015-03-03,CNYRUB_TOM,CNYRUB_TOM,9.939,9.8798,9.9467,9.9262,277,9.9241
CETS,2015-03-04,CNYRUB_TOM,CNYRUB_TOM,9.88,9.73,9.88,9.86,229,9.8447
CETS,2015-03-05,CNYRUB_TOM,CNYRUB_TOM,9.88,9.68,9.88,9.68,256,9.8396
CETS,2015-03-06,CNYRUB_TOM,CNYRUB_TOM,9.593,9.4527,9.6116,9.5,237,9.5345
CETS,2015-03-10,CNYRUB_TOM,CNYRUB_TOM,9.69,9.59,9.9076,9.83,289,9.658
CETS,2015-03-11,CNYRUB_TOM,CNYRUB_TOM,9.9309,9.8912,10.0555,9.8912,282,10.0068
CETS,2015-03-12,CNYRUB_TOM,CNYRUB_TOM,9.7508,9.6412,9.765,9.765,272,9.7136
CETS,2015-03-13,CNYRUB_TOM,CNYRUB_TOM,9.8152,9.68,9.8152,9.81,277,9.7699
CETS,2015-03-16,CNYRUB_TOM,CNYRUB_TOM,9.9374,9.8689,9.9852,9.9785,344,9.9036
CETS,2015-03-17,CNYRUB_TOM,CNYRUB_TOM,9.906,9.8,9.9211,9.809,261,9.8632
CETS,2015-03-18,CNYRUB_TOM,CNYRUB_TOM,9.812,9.52,9.863,9.52,288,9.817
CETS,2016-01-04,CNYRUB_TOM,CNYRUB_TOM,11.09,11.025,11.6452,11.0461,214,11.0961
CETS,2016-01-05,CNYRUB_TOM,CNYRUB_TOM,11.0461,11.0253,11.0784,11.0602,207,11.0557
CETS,2016-01-06,CNYRUB_TOM,CNYRUB_TOM,10.985,10.985,11.176,11.13,224,11.0383
CETS,2016-01-11,CNYRUB_TOM,CNYRUB_TOM,11.5001,11.372,11.608,11.608,344,11.4369
CETS,2016-01-12,CNYRUB_TOM,CNYRUB_TOM,11.6821,11.5611,11.75,11.7409,156,11.6482
CETS,2016-01-13,CNYRUB_TOM,CNYRUB_TOM,11.66,11.5671,11.668,11.6561,285,11.6172
CETS,2016-01-14,CNYRUB_TOM,CNYRUB_TOM,11.6199,11.5204,11.6299,11.5361,281,11.5642
CETS,2016-01-15,CNYRUB_TOM,CNYRUB_TOM,11.59,11.56,11.7702,11.7481,299,11.6722
CETS,2016-01-18,CNYRUB_TOM,CNYRUB_TOM,11.9349,11.9,12.054,12.047,347,11.9529
CETS,2016-01-19,CNYRUB_TOM,CNYRUB_TOM,11.917,11.8408,11.984,11.96,374,11.8897
CETS,2016-01-20,CNYRUB_TOM,CNYRUB_TOM,12.0181,12.0175,12.412,12.3661,405,12.1055
CETS,2016-01-21,CNYRUB_TOM,CNYRUB_TOM,12.451,12.4285,13.0,12.593,351,12.7752
CETS,2016-01-22,CNYRUB_TOM,CNYRUB_TOM,12.2291,11.8041,12.315,11.846,406,12.1483
CETS,2016-01-25,CNYRUB_TOM,CNYRUB_TOM,11.6208,11.6208,12.127,12.11,360,11.9764
CETS,2016-01-26,CNYRUB_TOM,CNYRUB_TOM,12.376,11.779,12.444,11.8819,368,12.3071
CETS,2016-01-27,CNYRUB_TOM,CNYRUB_TOM,11.8701,11.6727,12.02,11.7859,338,11.9322
CETS,2016-01-28,CNYRUB_TOM,CNYRUB_TOM,11.73,11.449,11.765,11.5629,409,11.649
CETS,2016-01-29,CNYRUB_TOM,CNYRUB_TOM,11.4251,11.285,11.5609,11.435,494,11.3939
CETS,2016-02-01,CNYRUB_TOM,CNYRUB_TOM,11.4469,11.4385,11.6899,11.665,391,11.5465
CETS,2016-02-02,CNYRUB_TOM,CNYRUB_TOM,11.8191,11.7522,12.0329,12.01,402,11.7906
CETS,2016-02-03,CNYRUB_TOM,CNYRUB_TOM,12.002,11.59,12.002,11.59,441,11.8986
CETS,2016-02-04,CNYRUB_TOM,CNYRUB_TOM,11.5,11.4789,11.687,11.615,315,11.5641
CETS,2016-02-05,CNYRUB_TOM,CNYRUB_TOM,11.778,11.6466,11.8319,11.83,252,11.6824
CETS,2016-02-08,CNYRUB_TOM,CNYRUB_TOM,11.715,11.678,12.02,11.99,250,11.7378
CETS,2016-02-09,CNYRUB_TOM,CNYRUB_TOM,12.0131,11.92,12.171,12.171,270,11.97
CETS,2016-02-10,CNYRUB_TOM,CNYRUB_TOM,12.1401,11.9531,12.142,11.992,259,12.0796
CETS,2016-02-11,CNYRUB_TOM,CNYRUB_TOM,12.0641,12.0641,12.3505,12.207,257,12.1743
CETS,2016-02-12,CNYRUB_TOM,CNYRUB_TOM,12.1499,12.016,12.19,12.0281,260,12.1256
CETS,2016-02-15,CNYRUB_TOM,CNYRUB_TOM,12.0039,11.87,12.0043,11.9,321,11.9852
CETS,2016-02-16,CNYRUB_TOM,CNYRUB_TOM,11.6959,11.66,11.974,11.942,294,11.8314
CETS,2016-02-17,CNYRUB_TOM,CNYRUB_TOM,11.993,11.4699,11.993,11.53,290,11.805
CETS,2016-02-18,CNYRUB_TOM,CNYRUB_TOM,11.5499,11.4981,11.7259,11.7259,320,11.5718
CETS,2016-02-19,CNYRUB_TOM,CNYRUB_TOM,11.7289,11.6596,11.8909,11.788,264,11.6882
CETS,2016-02-20,CNYRUB_TOM,CNYRUB_TOM,11.68,11.0401,12.1596,11.7,44,11.5898
CETS,2016-02-22,CNYRUB_TOM,CNYRUB_TOM,11.7,11.49,11.711,11.49,213,11.6726
CETS,2016-02-24,CNYRUB_TOM,CNYRUB_TOM,11.71,11.6,11.8799,11.6,282,11.7199
CETS,2016-02-25,CNYRUB_TOM,CNYRUB_TOM,11.6669,11.52,11.725,11.555,310,11.6657
CETS,2016-02-26,CNYRUB_TOM,CNYRUB_TOM,11.5568,11.4,11.565,11.547,291,11.463
CETS,2016-02-29,CNYRUB_TOM,CNYRUB_TOM,11.5409,11.45,11.64,11.498,289,11.5973
CETS,2016-03-01,CNYRUB_TOM,CNYRUB_TOM,11.3301,11.1829,11.3301,11.2309,286,11.297
CETS,2016-03-02,CNYRUB_TOM,CNYRUB_TOM,11.185,11.18,11.32,11.2009,279,11.2321
CETS,2016-03-03,CNYRUB_TOM,CNYRUB_TOM,11.216,11.1841,11.3219,11.1841,305,11.2942
CETS,2016-03-04,CNYRUB_TOM,CNYRUB_TOM,11.2019,11.0619,11.2719,11.0771,283,11.2325
CETS,2016-03-07,CNYRUB_TOM,CNYRUB_TOM,11.0201,10.9691,11.0918,10.9961,231,11.065
CETS,2016-03-09,CNYRUB_TOM,CNYRUB_TOM,11.071,10.882,11.152,10.9141,321,11.1234
CETS,2016-03-10,CNYRUB_TOM,CNYRUB_TOM,10.92,10.74,11.032,10.996,345,10.8712
CETS,2016-03-11,CNYRUB_TOM,CNYRUB_TOM,10.895,10.7111,10.895,10.82,317,10.8282
CETS,2016-03-14,CNYRUB_TOM,CNYRUB_TOM,10.8,10.7431,10.922,10.772,425,10.8184
CETS,2016-03-15,CNYRUB_TOM,CNYRUB_TOM,10.83,10.815,10.963,10.94,398,10.8841
CETS,2016-03-16,CNYRUB_TOM,CNYRUB_TOM,10.862,10.6733,10.9279,10.6749,311,10.9076
CETS,2017-01-03,CNYRUB_TOM,CNYRUB_TOM,8.7745,8.5,8.824,8.7734,62,8.6851
CETS,2017-01-04,CNYRUB_TOM,CNYRUB_TOM,8.7763,8.653,8.846,8.777,40,8.7699
CETS,2017-01-05,CNYRUB_TOM,CNYRUB_TOM,8.7293,8.6001,8.75,8.62,12,8.7013
CETS,2017-01-06,CNYRUB_TOM,CNYRUB_TOM,8.62,8.62,8.7299,8.62,3,8.6728
CETS,2017-01-09,CNYRUB_TOM,CNYRUB_TOM,8.7119,8.689,8.745,8.719,95,8.7064
CETS,2017-01-10,CNYRUB_TOM,CNYRUB_TOM,8.7478,8.682,8.7501,8.7077,170,8.7047
CETS,2017-01-11,CNYRUB_TOM,CNYRUB_TOM,8.7319,8.693,8.764,8.697,186,8.7087
CETS,2017-01-12,CNYRUB_TOM,CNYRUB_TOM,8.65,8.62,8.67,8.6409,159,8.6424
CETS,2017-01-13,CNYRUB_TOM,CNYRUB_TOM,8.686,8.6649,8.7071,8.7071,156,8.6731
CETS,2017-01-16,CNYRUB_TOM,CNYRUB_TOM,8.695,8.67,8.7331,8.72,123,8.6858
CETS,2017-01-17,CNYRUB_TOM,CNYRUB_TOM,8.72,8.68,8.7305,8.7235,61,8.6966
CETS,2017-01-18,CNYRUB_TOM,CNYRUB_TOM,8.71,8.67,8.72,8.684,91,8.687
CETS,2017-01-19,CNYRUB_TOM,CNYRUB_TOM,8.6685,8.651,8.8,8.743,88,8.708
CETS,2017-01-20,CNYRUB_TOM,CNYRUB_TOM,8.7279,8.6971,8.751,8.751,114,8.7189
CETS,2017-01-23,CNYRUB_TOM,CNYRUB_TOM,8.74,8.684,8.743,8.734,73,8.7112
CETS,2017-01-24,CNYRUB_TOM,CNYRUB_TOM,8.7,8.676,8.713,8.7074,91,8.6887
CETS,2017-01-25,CNYRUB_TOM,CNYRUB_TOM,8.6537,8.65,8.705,8.705,53,8.6668
CETS,2017-01-26,CNYRUB_TOM,CNYRUB_TOM,8.7227,8.7108,8.8229,8.8048,50,8.7482
CETS,2017-01-27,CNYRUB_TOM,CNYRUB_TOM,8.821,8.7,8.821,8.714,42,8.7661
CETS,2017-01-30,CNYRUB_TOM,CNYRUB_TOM,8.73,8.725,8.778,8.742,45,8.7545
CETS,2017-01-31,CNYRUB_TOM,CNYRUB_TOM,8.7619,8.7528,8.814,8.814,44,8.774
CETS,2017-02-01,CNYRUB_TOM,CNYRUB_TOM,8.812,8.8,8.8355,8.8,113,8.8237
CETS,2017-02-02,CNYRUB_TOM,CNYRUB_TOM,8.809,8.621,8.8129,8.658,101,8.7716
CETS,2017-02-03,CNYRUB_TOM,CNYRUB_TOM,8.7299,8.65,8.7325,8.679,147,8.7039
CETS,2017-02-06,CNYRUB_TOM,CNYRUB_TOM,8.6266,8.6039,8.6777,8.65,125,8.6205
CETS,2017-02-07,CNYRUB_TOM,CNYRUB_TOM,8.6699,8.6508,8.7025,8.679,122,8.6682
CETS,2017-02-08,CNYRUB_TOM,CNYRUB_TOM,8.6882,8.6491,8.7,8.6491,98,8.6835
CETS,2017-02-09,CNYRUB_TOM,CNYRUB_TOM,8.6133,8.58,8.6233,8.5939,110,8.611
CETS,2017-02-10,CNYRUB_TOM,CNYRUB_TOM,8.5742,8.4968,8.58,8.4968,101,8.5653
CETS,2017-02-13,CNYRUB_TOM,CNYRUB_TOM,8.455,8.4195,8.4689,8.45,78,8.4388
CETS,2017-02-14,CNYRUB_TOM,CNYRUB_TOM,8.4402,8.3345,8.4402,8.3345,181,8.3951
CETS,2017-02-15,CNYRUB_TOM,CNYRUB_TOM,8.3072,8.2506,8.4798,8.3815,95,8.3018
CETS,2017-02-16,CNYRUB_TOM,CNYRUB_TOM,8.3445,8.3299,8.4172,8.41,97,8.3491
CETS,2017-02-17,CNYRUB_TOM,CNYRUB_TOM,8.4066,8.3837,8.535,8.535,155,8.4252
CETS,2017-02-20,CNYRUB_TOM,CNYRUB_TOM,8.4949,8.4515,8.4998,8.46,110,8.4775
CETS,2017-02-21,CNYRUB_TOM,CNYRUB_TOM,8.426,8.378,8.4526,8.378,83,8.4193
CETS,2017-02-22,CNYRUB_TOM,CNYRUB_TOM,8.359,8.3464,8.4747,8.4492,159,8.3925
CETS,2017-02-24,CNYRUB_TOM,CNYRUB_TOM,8.4461,8.4428,8.5426,8.5263,14,8.4863
CETS,2017-02-27,CNYRUB_TOM,CNYRUB_TOM,8.4612,8.407,8.4652,8.4603,137,8.4359
CETS,2017-02-28,CNYRUB_TOM,CNYRUB_TOM,8.4619,8.436,8.5337,8.528,122,8.4629
CETS,2017-03-01,CNYRUB_TOM,CNYRUB_TOM,8.4953,8.4384,8.5127,8.4773,197,8.4761
CETS,2017-03-02,CNYRUB_TOM,CNYRUB_TOM,8.4918,8.4789,8.5499,8.545,172,8.506
CETS,2017-03-03,CNYRUB_TOM,CNYRUB_TOM,8.5437,8.45,8.5581,8.4513,142,8.5173
CETS,2017-03-06,CNYRUB_TOM,CNYRUB_TOM,8.4623,8.4098,8.4776,8.435,107,8.4492
CETS,2017-03-07,CNYRUB_TOM,CNYRUB_TOM,8.4428,8.3985,8.4649,8.4294,69,8.4268
CETS,2017-03-09,CNYRUB_TOM,CNYRUB_TOM,8.5066,8.4997,8.6133,8.5924,229,8.537
CETS,2017-03-10,CNYRUB_TOM,CNYRUB_TOM,8.5659,8.5138,8.5832,8.5726,289,8.5602
CETS,2017-03-13,CNYRUB_TOM,CNYRUB_TOM,8.582,8.53,8.5917,8.5344,94,8.5701
CETS,2017-03-14,CNYRUB_TOM,CNYRUB_TOM,8.5267,8.5126,8.6345,8.5984,138,8.5523
CETS,2017-03-15,CNYRUB_TOM,CNYRUB_TOM,8.575,8.53,8.5849,8.53,118,8.5673
CETS,2018-01-03,CNYRUB_TOM,CNYRUB_TOM,9.1,8.852,9.1999,9.0995,15,9.1263
CETS,2018-01-04,CNYRUB_TOM,CNYRUB_TOM,9.12,9.0599,9.12,9.0599,3,9.09
CETS,2018-01-05,CNYRUB_TOM,CNYRUB_TOM,9.1201,9.0199,9.1201,9.0199,2,9.07
CETS,2018-01-09,CNYRUB_TOM,CNYRUB_TOM,8.779,8.7101,8.7942,8.73,195,8.7431
CETS,2018-01-10,CNYRUB_TOM,CNYRUB_TOM,8.713,8.6984,8.7609,8.758,99,8.7244
CETS,2018-01-11,CNYRUB_TOM,CNYRUB_TOM,8.75,8.706,8.7652,8.706,88,8.7502
CETS,2018-01-12,CNYRUB_TOM,CNYRUB_TOM,8.72,8.72,8.76,8.74,128,8.7419
CETS,2018-01-15,CNYRUB_TOM,CNYRUB_TOM,8.77,8.73,8.792,8.774,178,8.7561
CETS,2018-01-16,CNYRUB_TOM,CNYRUB_TOM,8.7635,8.753,8.787,8.787,175,8.7645
CETS,2018-01-17,CNYRUB_TOM,CNYRUB_TOM,8.792,8.7865,8.845,8.845,124,8.8032
CETS,2018-01-18,CNYRUB_TOM,CNYRUB_TOM,8.828,8.78,8.8389,8.781,93,8.8249
CETS,2018-01-19,CNYRUB_TOM,CNYRUB_TOM,8.8456,8.8318,8.86,8.845,88,8.8431
CETS,2018-01-22,CNYRUB_TOM,CNYRUB_TOM,8.8416,8.82,8.8455,8.8317,95,8.8378
CETS,2018-01-23,CNYRUB_TOM,CNYRUB_TOM,8.824,8.8,8.8307,8.8221,135,8.8144
CETS,2018-01-24,CNYRUB_TOM,CNYRUB_TOM,8.8035,8.802,8.9,8.8527,95,8.8244
CETS,2018-01-25,CNYRUB_TOM,CNYRUB_TOM,8.8446,8.8048,8.8446,8.84,141,8.8283
CETS,2018-01-26,CNYRUB_TOM,CNYRUB_TOM,8.835,8.8064,8.9024,8.88,143,8.8337
CETS,2018-01-29,CNYRUB_TOM,CNYRUB_TOM,8.882,8.876,8.91,8.896,219,8.8917
CETS,2018-01-30,CNYRUB_TOM,CNYRUB_TOM,8.8803,8.835,8.905,8.8947,144,8.8661
CETS,2018-01-31,CNYRUB_TOM,CNYRUB_TOM,8.937,8.908,8.9589,8.9397,188,8.9282
CETS,2018-02-01,CNYRUB_TOM,CNYRUB_TOM,8.9349,8.885,8.9409,8.885,228,8.9211
CETS,2018-02-02,CNYRUB_TOM,CNYRUB_TOM,8.926,8.91,8.9702,8.9691,555,8.9227
CETS,2018-02-05,CNYRUB_TOM,CNYRUB_TOM,8.9799,8.9685,9.0595,9.0575,167,8.9907
CETS,2018-02-06,CNYRUB_TOM,CNYRUB_TOM,9.106,9.0619,9.1274,9.064,198,9.0911
CETS,2018-02-07,CNYRUB_TOM,CNYRUB_TOM,9.06,9.0542,9.117,9.105,162,9.09
CETS,2018-02-08,CNYRUB_TOM,CNYRUB_TOM,9.066,9.06,9.1826,9.1806,111,9.0895
CETS,2018-02-09,CNYRUB_TOM,CNYRUB_TOM,9.2,9.1747,9.2555,9.2555,134,9.2024
CETS,2018-02-12,CNYRUB_TOM,CNYRUB_TOM,9.1959,9.1127,9.2,9.142,142,9.1691
CETS,2018-02-13,CNYRUB_TOM,CNYRUB_TOM,9.108,9.0929,9.155,9.1,84,9.1195
CETS,2018-02-14,CNYRUB_TOM,CNYRUB_TOM,9.1,8.995,9.1138,8.995,189,9.0923
CETS,2018-02-15,CNYRUB_TOM,CNYRUB_TOM,9.01,8.9885,9.0379,8.9885,244,9.0073
CETS,2018-02-16,CNYRUB_TOM,CNYRUB_TOM,8.975,8.941,8.9919,8.946,112,8.9702
CETS,2018-02-19,CNYRUB_TOM,CNYRUB_TOM,8.931,8.9216,8.9639,8.9489,69,8.9508
CETS,2018-02-20,CNYRUB_TOM,CNYRUB_TOM,8.9359,8.908,8.956,8.908,91,8.9404
CETS,2018-02-21,CNYRUB_TOM,CNYRUB_TOM,8.9289,8.9289,8.952,8.952,154,8.9363
CETS,2018-02-22,CNYRUB_TOM,CNYRUB_TOM,8.955,8.9311,9.0,9.0,112,8.9393
CETS,2018-02-26,CNYRUB_TOM,CNYRUB_TOM,8.8622,8.8575,8.8899,8.8575,105,8.8728
CETS,2018-02-27,CNYRUB_TOM,CNYRUB_TOM,8.829,8.817,8.907,8.894,129,8.8386
CETS,2018-02-28,CNYRUB_TOM,CNYRUB_TOM,8.9029,8.8601,8.9249,8.8854,114,8.8977
CETS,2018-03-01,CNYRUB_TOM,CNYRUB_TOM,8.898,8.8949,9.0,8.945,140,8.9124
CETS,2018-03-02,CNYRUB_TOM,CNYRUB_TOM,8.9425,8.92,9.0399,8.982,305,8.9309
CETS,2018-03-05,CNYRUB_TOM,CNYRUB_TOM,8.995,8.904,9.03,8.917,136,9.0073
CETS,2018-03-06,CNYRUB_TOM,CNYRUB_TOM,8.904,8.9,8.992,8.985,351,8.9146
CETS,2018-03-07,CNYRUB_TOM,CNYRUB_TOM,9.006,8.9735,9.03,8.992,200,8.9929
CETS,2018-03-09,CNYRUB_TOM,CNYRUB_TOM,8.9929,8.9929,8.9929,8.9929,1,8.9929
CETS,2018-03-12,CNYRUB_TOM,CNYRUB_TOM,8.9585,8.942,9.0009,8.997,64,8.9715
CETS,2018-03-13,CNYRUB_TOM,CNYRUB_TOM,8.988,8.97,9.0079,9.0,62,8.9892
CETS,2018-03-14,CNYRUB_TOM,CNYRUB_TOM,9.03,9.0,9.0639,9.06,62,9.0274
CETS,2018-03-15,CNYRUB_TOM,CNYRUB_TOM,9.05,9.0151,9.0957,9.0651,62,9.0325
CETS,2018-03-16,CNYRUB_TOM,CNYRUB_TOM,9.099,9.08,9.1289,9.09,80,9.0983
CETS,2019-01-03,CNYRUB_TOM,CNYRUB_TOM,10.06,9.965,10.092,9.965,14,10.0788
CETS,2019-01-04,CNYRUB_TOM,CNYRUB_TOM,9.9201,9.87,9.99,9.87,15,9.8969
CETS,2019-01-08,CNYRUB_TOM,CNYRUB_TOM,9.78,9.7552,9.792,9.79,8,9.7777
CETS,2019-01-09,CNYRUB_TOM,CNYRUB_TOM,9.7626,9.7626,9.8332,9.8014,146,9.8138
CETS,2019-01-10,CNYRUB_TOM,CNYRUB_TOM,9.842,9.8313,9.9216,9.8851,121,9.8631
CETS,2019-01-11,CNYRUB_TOM,CNYRUB_TOM,9.92,9.9,9.9375,9.9116,108,9.9172
CETS,2019-01-14,CNYRUB_TOM,CNYRUB_TOM,9.9182,9.9015,9.9408,9.9043,118,9.9247
CETS,2019-01-15,CNYRUB_TOM,CNYRUB_TOM,9.91,9.8765,9.943,9.8842,145,9.9124
CETS,2019-01-16,CNYRUB_TOM,CNYRUB_TOM,9.89,9.81,9.89,9.81,122,9.8611
CETS,2019-01-17,CNYRUB_TOM,CNYRUB_TOM,9.7911,9.777,9.8248,9.785,110,9.8115
CETS,2019-01-18,CNYRUB_TOM,CNYRUB_TOM,9.7765,9.7301,9.7975,9.7321,203,9.7895
CETS,2019-01-21,CNYRUB_TOM,CNYRUB_TOM,9.743,9.7401,9.7747,9.77,285,9.7652
CETS,2019-01-22,CNYRUB_TOM,CNYRUB_TOM,9.756,9.747,9.773,9.7539,105,9.7623
CETS,2019-01-23,CNYRUB_TOM,CNYRUB_TOM,9.78,9.73,9.7828,9.7342,83,9.754
CETS,2019-01-24,CNYRUB_TOM,CNYRUB_TOM,9.723,9.67,9.7279,9.67,115,9.7014
CETS,2019-01-25,CNYRUB_TOM,CNYRUB_TOM,9.722,9.705,9.796,9.7661,155,9.7342
CETS,2019-01-28,CNYRUB_TOM,CNYRUB_TOM,9.755,9.755,9.8118,9.803,136,9.7772
CETS,2019-01-29,CNYRUB_TOM,CNYRUB_TOM,9.808,9.7795,9.839,9.7795,108,9.8175
CETS,2019-01-30,CNYRUB_TOM,CNYRUB_TOM,9.8175,9.76,9.833,9.76,198,9.8229
CETS,2019-01-31,CNYRUB_TOM,CNYRUB_TOM,9.7573,9.6987,9.77,9.746,103,9.7234
CETS,2019-02-01,CNYRUB_TOM,CNYRUB_TOM,9.716,9.706,9.75,9.7319,99,9.7338
CETS,2019-02-04,CNYRUB_TOM,CNYRUB_TOM,9.69,9.665,9.7052,9.6975,92,9.684
CETS,2019-02-05,CNYRUB_TOM,CNYRUB_TOM,9.7077,9.6748,9.716,9.6966,76,9.6877
CETS,2019-02-06,CNYRUB_TOM,CNYRUB_TOM,9.716,9.6972,9.737,9.7121,79,9.7102
CETS,2019-02-07,CNYRUB_TOM,CNYRUB_TOM,9.7534,9.7225,9.7534,9.744,112,9.7412
CETS,2019-02-08,CNYRUB_TOM,CNYRUB_TOM,9.738,9.68,9.7446,9.702,95,9.7299
CETS,2019-02-11,CNYRUB_TOM,CNYRUB_TOM,9.6761,9.6462,9.691,9.69,173,9.674
CETS,2019-02-12,CNYRUB_TOM,CNYRUB_TOM,9.6875,9.665,9.7721,9.712,97,9.6806
CETS,2019-02-13,CNYRUB_TOM,CNYRUB_TOM,9.715,9.6968,9.795,9.795,187,9.7065
CETS,2019-02-14,CNYRUB_TOM,CNYRUB_TOM,9.799,9.7947,9.89,9.857,289,9.8193
CETS,2019-02-15,CNYRUB_TOM,CNYRUB_TOM,9.816,9.786,9.8464,9.786,329,9.8241
CETS,2019-02-18,CNYRUB_TOM,CNYRUB_TOM,9.798,9.7621,9.798,9.7791,134,9.7787
CETS,2019-02-19,CNYRUB_TOM,CNYRUB_TOM,9.7777,9.739,9.7899,9.739,112,9.7697
CETS,2019-02-20,CNYRUB_TOM,CNYRUB_TOM,9.7896,9.7548,9.803,9.783,115,9.7828
CETS,2019-02-21,CNYRUB_TOM,CNYRUB_TOM,9.801,9.729,9.801,9.7565,118,9.7583
CETS,2019-02-22,CNYRUB_TOM,CNYRUB_TOM,9.747,9.7405,9.7705,9.7467,97,9.7539
CETS,2019-02-25,CNYRUB_TOM,CNYRUB_TOM,9.7764,9.7401,9.8071,9.805,133,9.7582
CETS,2019-02-26,CNYRUB_TOM,CNYRUB_TOM,9.8009,9.787,9.8493,9.8475,112,9.8056
CETS,2019-02-27,CNYRUB_TOM,CNYRUB_TOM,9.8002,9.8002,9.87,9.8438,179,9.8429
CETS,2019-02-28,CNYRUB_TOM,CNYRUB_TOM,9.8679,9.8314,9.8679,9.8369,134,9.8501
CETS,2019-03-01,CNYRUB_TOM,CNYRUB_TOM,9.8128,9.7841,9.8258,9.8156,126,9.8135
CETS,2019-03-04,CNYRUB_TOM,CNYRUB_TOM,9.8356,9.785,9.8356,9.7998,108,9.8174
CETS,2019-03-05,CNYRUB_TOM,CNYRUB_TOM,9.82,9.7981,9.8235,9.8017,108,9.8091
CETS,2019-03-06,CNYRUB_TOM,CNYRUB_TOM,9.7976,9.7915,9.8222,9.82,142,9.8045
CETS,2019-03-07,CNYRUB_TOM,CNYRUB_TOM,9.808,9.8053,9.855,9.855,113,9.8261
CETS,2019-03-11,CNYRUB_TOM,CNYRUB_TOM,9.837,9.7995,9.837,9.8081,106,9.8127
CETS,2019-03-12,CNYRUB_TOM,CNYRUB_TOM,9.7911,9.7784,9.8,9.7877,269,9.7874
CETS,2020-01-03,CNYRUB_TOM,CNYRUB_TOM,8.884,8.884,8.926,8.884,86,8.9033
CETS,2020-01-06,CNYRUB_TOM,CNYRUB_TOM,8.926,8.868,8.938,8.868,89,8.898
CETS,2020-01-08,CNYRUB_TOM,CNYRUB_TOM,8.9299,8.868,8.9319,8.8761,98,8.908
CETS,2020-01-09,CNYRUB_TOM,CNYRUB_TOM,8.878,8.8226,8.878,8.8586,290,8.837
CETS,2020-01-10,CNYRUB_TOM,CNYRUB_TOM,8.8345,8.8081,8.8739,8.844,254,8.8537
CETS,2020-01-13,CNYRUB_TOM,CNYRUB_TOM,8.8525,8.8249,8.9059,8.8901,255,8.8519
CETS,2020-01-14,CNYRUB_TOM,CNYRUB_TOM,8.899,8.899,8.93,8.9242,224,8.9184
CETS,2020-01-15,CNYRUB_TOM,CNYRUB_TOM,8.916,8.9011,8.9552,8.9259,233,8.9203
CETS,2020-01-16,CNYRUB_TOM,CNYRUB_TOM,8.91,8.91,8.9779,8.9719,179,8.9481
CETS,2020-01-17,CNYRUB_TOM,CNYRUB_TOM,8.988,8.9294,8.9919,8.9621,151,8.9578
CETS,2020-01-20,CNYRUB_TOM,CNYRUB_TOM,8.974,8.956,8.9765,8.9759,303,8.968
CETS,2020-01-21,CNYRUB_TOM,CNYRUB_TOM,8.955,8.94,8.9719,8.94,196,8.9576
CETS,2020-01-22,CNYRUB_TOM,CNYRUB_TOM,8.9585,8.9485,8.9842,8.9537,259,8.9687
CETS,2020-01-23,CNYRUB_TOM,CNYRUB_TOM,8.9611,8.93,8.9611,8.9416,197,8.9443
CETS,2020-01-24,CNYRUB_TOM,CNYRUB_TOM,8.9425,8.9057,8.968,8.968,150,8.924
CETS,2020-01-27,CNYRUB_TOM,CNYRUB_TOM,8.955,8.93,9.0359,9.012,98,8.9612
CETS,2020-01-28,CNYRUB_TOM,CNYRUB_TOM,9.03,8.9461,9.294,8.9461,162,9.0262
CETS,2020-01-29,CNYRUB_TOM,CNYRUB_TOM,8.955,8.9528,9.0184,8.99,205,8.9915
CETS,2020-01-30,CNYRUB_TOM,CNYRUB_TOM,9.0,8.9921,9.0819,9.078,237,9.0173
CETS,2020-01-31,CNYRUB_TOM,CNYRUB_TOM,9.072,9.0341,9.13,9.118,316,9.0571
CETS,2020-02-03,CNYRUB_TOM,CNYRUB_TOM,9.108,9.053,9.133,9.0659,146,9.0984
CETS,2020-02-04,CNYRUB_TOM,CNYRUB_TOM,9.0761,8.9921,9.0979,8.9921,226,9.0812
CETS,2020-02-05,CNYRUB_TOM,CNYRUB_TOM,9.009,8.9654,9.037,9.028,190,8.9976
CETS,2020-02-06,CNYRUB_TOM,CNYRUB_TOM,9.0061,8.9961,9.0919,9.0641,114,9.0435
CETS,2020-02-07,CNYRUB_TOM,CNYRUB_TOM,9.0739,9.059,9.1679,9.1275,92,9.0996
CETS,2020-02-10,CNYRUB_TOM,CNYRUB_TOM,9.15,9.12,9.2019,9.186,131,9.142
CETS,2020-02-11,CNYRUB_TOM,CNYRUB_TOM,9.1491,9.08,9.1859,9.0875,148,9.1374
CETS,2020-02-12,CNYRUB_TOM,CNYRUB_TOM,9.0719,9.026,9.0739,9.0599,129,9.0503
CETS,2020-02-13,CNYRUB_TOM,CNYRUB_TOM,9.1,9.08,9.1339,9.08,108,9.1074
CETS,2020-02-14,CNYRUB_TOM,CNYRUB_TOM,9.094,9.0641,9.108,9.094,157,9.0886
CETS,2020-02-17,CNYRUB_TOM,CNYRUB_TOM,9.0919,9.0521,9.1039,9.0801,126,9.0742
CETS,2020-02-18,CNYRUB_TOM,CNYRUB_TOM,9.0841,9.08,9.16,9.13,142,9.1045
CETS,2020-02-19,CNYRUB_TOM,CNYRUB_TOM,9.0961,9.06,9.1099,9.06,173,9.0938
CETS,2020-02-20,CNYRUB_TOM,CNYRUB_TOM,9.07,9.058,9.1205,9.1205,294,9.072
CETS,2021-01-04,CNYRUB_TOM,CNYRUB_TOM,11.466,11.328,11.512,11.502,335,11.4212
CETS,2021-01-05,CNYRUB_TOM,CNYRUB_TOM,11.5365,11.47,11.6639,11.51,358,11.5797
CETS,2021-01-06,CNYRUB_TOM,CNYRUB_TOM,11.4456,11.41,11.5004,11.464,286,11.4478
CETS,2021-01-08,CNYRUB_TOM,CNYRUB_TOM,11.478,11.4425,11.5613,11.468,283,11.4842
CETS,2021-01-11,CNYRUB_TOM,CNYRUB_TOM,11.4966,11.4731,11.5639,11.53,418,11.5182
CETS,2021-01-12,CNYRUB_TOM,CNYRUB_TOM,11.52,11.3939,11.52,11.41,461,11.4843
CETS,2021-01-13,CNYRUB_TOM,CNYRUB_TOM,11.3901,11.3726,11.4479,11.394,366,11.417
CETS,2021-01-14,CNYRUB_TOM,CNYRUB_TOM,11.4102,11.3081,11.4494,11.335,369,11.3735
CETS,2021-01-15,CNYRUB_TOM,CNYRUB_TOM,11.3521,11.3121,11.3949,11.347,348,11.3573
CETS,2021-01-18,CNYRUB_TOM,CNYRUB_TOM,11.4046,11.3671,11.4339,11.3915,291,11.3989
CETS,2021-01-19,CNYRUB_TOM,CNYRUB_TOM,11.3709,11.34,11.4079,11.374,285,11.3793
CETS,2021-01-20,CNYRUB_TOM,CNYRUB_TOM,11.3679,11.3265,11.3904,11.381,276,11.3603
CETS,2021-01-21,CNYRUB_TOM,CNYRUB_TOM,11.3545,11.34,11.45,11.4235,359,11.3819
CETS,2021-01-22,CNYRUB_TOM,CNYRUB_TOM,11.4584,11.45,11.6,11.581,491,11.4975
CETS,2021-01-25,CNYRUB_TOM,CNYRUB_TOM,11.5104,11.5041,11.6729,11.6205,531,11.5783
CETS,2021-01-26,CNYRUB_TOM,CNYRUB_TOM,11.6669,11.582,11.6839,11.605,505,11.6561
CETS,2021-01-27,CNYRUB_TOM,CNYRUB_TOM,11.5726,11.5699,11.7049,11.683,489,11.6054
CETS,2021-01-28,CNYRUB_TOM,CNYRUB_TOM,11.6879,11.6879,11.7989,11.749,952,11.7331
CETS,2021-01-29,CNYRUB_TOM,CNYRUB_TOM,11.7834,11.6881,11.8199,11.75,727,11.7815
CETS,2021-02-01,CNYRUB_TOM,CNYRUB_TOM,11.716,11.6543,11.7659,11.762,412,11.6941
CETS,2021-02-02,CNYRUB_TOM,CNYRUB_TOM,11.7321,11.6641,11.812,11.812,345,11.7324
CETS,2021-02-03,CNYRUB_TOM,CNYRUB_TOM,11.7739,11.7261,11.7961,11.75,284,11.7719
CETS,2021-02-04,CNYRUB_TOM,CNYRUB_TOM,11.7561,11.6461,11.7657,11.675,281,11.6981
CETS,2021-02-05,CNYRUB_TOM,CNYRUB_TOM,11.636,11.5242,11.636,11.568,378,11.5724
CETS,2021-02-08,CNYRUB_TOM,CNYRUB_TOM,11.5241,11.494,11.5629,11.53,286,11.5325
CETS,2021-02-09,CNYRUB_TOM,CNYRUB_TOM,11.4959,11.4941,11.5559,11.5161,288,11.5233
CETS,2021-02-10,CNYRUB_TOM,CNYRUB_TOM,11.4921,11.478,11.5359,11.51,355,11.5037
CETS,2021-02-11,CNYRUB_TOM,CNYRUB_TOM,11.5021,11.4681,11.5219,11.478,272,11.4922
CETS,2021-02-12,CNYRUB_TOM,CNYRUB_TOM,11.4959,11.458,11.5856,11.488,361,11.5304
CETS,2021-02-15,CNYRUB_TOM,CNYRUB_TOM,11.4539,11.43,11.4719,11.4621,328,11.4494
CETS,2021-02-16,CNYRUB_TOM,CNYRUB_TOM,11.4439,11.4165,11.4942,11.458,319,11.4427
CETS,2021-02-17,CNYRUB_TOM,CNYRUB_TOM,11.4462,11.423,11.5081,11.451,309,11.4583
CETS,2021-02-18,CNYRUB_TOM,CNYRUB_TOM,11.4479,11.3988,11.4719,11.434,438,11.4213
CETS,2021-02-19,CNYRUB_TOM,CNYRUB_TOM,11.4609,11.4436,11.484,11.467,372,11.4659
CETS,2022-01-03,CNYRUB_TOM,CNYRUB_TOM,11.7725,11.65,11.82,11.685,145,11.682
CETS,2022-01-04,CNYRUB_TOM,CNYRUB_TOM,11.695,11.685,11.845,11.815,182,11.7628
CETS,2022-01-05,CNYRUB_TOM,CNYRUB_TOM,12.218,11.8172,12.218,12.0325,252,11.8999
CETS,2022-01-06,CNYRUB_TOM,CNYRUB_TOM,12.045,11.87,12.21,11.935,325,12.0482
CETS,2022-01-07,CNYRUB_TOM,CNYRUB_TOM,11.9225,11.7601,11.9651,11.8375,68,11.8146
CETS,2022-01-10,CNYRUB_TOM,CNYRUB_TOM,11.825,11.7291,11.8443,11.775,349,11.7651
CETS,2022-01-11,CNYRUB_TOM,CNYRUB_TOM,11.7474,11.6725,11.7556,11.6725,412,11.7337
CETS,2022-01-12,CNYRUB_TOM,CNYRUB_TOM,11.6924,11.664,11.7724,11.7502,411,11.6999
CETS,2022-01-13,CNYRUB_TOM,CNYRUB_TOM,11.7349,11.7054,12.026,12.0,632,11.754
CETS,2022-01-14,CNYRUB_TOM,CNYRUB_TOM,12.0,11.6387,12.15,11.995,592,11.9942
CETS,2022-01-17,CNYRUB_TOM,CNYRUB_TOM,12.0074,11.91,12.0825,11.9925,414,12.0077
CETS,2022-01-18,CNYRUB_TOM,CNYRUB_TOM,12.0174,11.9801,12.1075,12.1075,411,12.0294
CETS,2022-01-19,CNYRUB_TOM,CNYRUB_TOM,12.1201,11.9475,12.1413,12.0,427,12.0479
CETS,2022-01-20,CNYRUB_TOM,CNYRUB_TOM,12.0049,11.9826,12.0999,12.0725,372,12.0604
CETS,2022-01-21,CNYRUB_TOM,CNYRUB_TOM,12.1174,12.025,12.2274,12.2125,366,12.0849
CETS,2022-01-24,CNYRUB_TOM,CNYRUB_TOM,12.1726,12.1471,12.5534,12.44,961,12.2701
CETS,2022-01-25,CNYRUB_TOM,CNYRUB_TOM,12.8359,12.268,12.839,12.4225,788,12.4235
CETS,2022-01-26,CNYRUB_TOM,CNYRUB_TOM,12.4499,12.4174,12.6924,12.5555,640,12.521
CETS,2022-01-27,CNYRUB_TOM,CNYRUB_TOM,12.545,12.16,12.5608,12.265,632,12.3683
CETS,2022-01-28,CNYRUB_TOM,CNYRUB_TOM,12.2725,12.1763,12.3199,12.2375,515,12.2517
CETS,2022-01-31,CNYRUB_TOM,CNYRUB_TOM,12.2124,12.1008,12.2124,12.1675,473,12.1666
CETS,2022-02-01,CNYRUB_TOM,CNYRUB_TOM,12.12,12.01,12.155,12.0725,363,12.0898
CETS,2022-02-02,CNYRUB_TOM,CNYRUB_TOM,12.0475,11.9076,12.0599,11.97,387,11.979
CETS,2022-02-03,CNYRUB_TOM,CNYRUB_TOM,11.9974,11.986,12.0949,12.04,409,12.0345
CETS,2022-02-04,CNYRUB_TOM,CNYRUB_TOM,12.2899,11.9,12.2899,11.92,439,11.944
CETS,2022-02-07,CNYRUB_TOM,CNYRUB_TOM,11.9649,11.8481,11.9649,11.8725,341,11.8768
CETS,2022-02-08,CNYRUB_TOM,CNYRUB_TOM,11.8799,11.77,11.8799,11.785,298,11.8154
CETS,2022-02-09,CNYRUB_TOM,CNYRUB_TOM,11.8049,11.7076,11.8049,11.74,392,11.7401
CETS,2022-02-10,CNYRUB_TOM,CNYRUB_TOM,11.7624,11.6876,11.7949,11.78,478,11.747
CETS,2022-02-11,CNYRUB_TOM,CNYRUB_TOM,11.8076,11.76,12.1825,12.115,562,11.8187
CETS,2022-02-14,CNYRUB_TOM,CNYRUB_TOM,12.1999,11.95,12.3421,12.085,691,12.0887
CETS,2022-02-15,CNYRUB_TOM,CNYRUB_TOM,12.0151,11.848,12.0875,11.9125,739,11.9477
CETS,2022-02-16,CNYRUB_TOM,CNYRUB_TOM,11.8651,11.8083,11.9,11.8824,439,11.8518
CETS,2022-02-17,CNYRUB_TOM,CNYRUB_TOM,11.945,11.93,12.1081,12.065,542,12.0016
CETS,2023-01-03,CNYRUB_TOM,CNYRUB_TOM,9.9,9.87,10.18,10.11,17573,10.0466
CETS,2023-01-04,CNYRUB_TOM,CNYRUB_TOM,10.146,10.117,10.286,10.265,17386,10.2117
CETS,2023-01-05,CNYRUB_TOM,CNYRUB_TOM,10.29,10.201,10.424,10.417,20917,10.308
CETS,2023-01-06,CNYRUB_TOM,CNYRUB_TOM,10.362,10.353,10.498,10.437,14605,10.4247
CETS,2023-01-09,CNYRUB_TOM,CNYRUB_TOM,10.469,10.154,10.555,10.219,68584,10.2838
CETS,2023-01-10,CNYRUB_TOM,CNYRUB_TOM,10.22,10.14,10.289,10.279,30267,10.2242
CETS,2023-01-11,CNYRUB_TOM,CNYRUB_TOM,10.288,10.018,10.337,10.074,63982,10.1303
CETS,2023-01-12,CNYRUB_TOM,CNYRUB_TOM,10.08,9.97,10.097,10.021,46492,10.0032
CETS,2023-01-13,CNYRUB_TOM,CNYRUB_TOM,10.001,9.981,10.229,10.19,41986,10.0706
CETS,2023-01-16,CNYRUB_TOM,CNYRUB_TOM,10.201,10.07,10.27,10.149,37718,10.1454
CETS,2023-01-17,CNYRUB_TOM,CNYRUB_TOM,10.15,10.081,10.23,10.19,38148,10.1313
CETS,2023-01-18,CNYRUB_TOM,CNYRUB_TOM,10.192,10.141,10.235,10.19,29712,10.1795
CETS,2023-01-19,CNYRUB_TOM,CNYRUB_TOM,10.191,10.101,10.205,10.129,32257,10.1318
CETS,2023-01-20,CNYRUB_TOM,CNYRUB_TOM,10.131,10.087,10.139,10.119,22665,10.1209
CETS,2023-01-23,CNYRUB_TOM,CNYRUB_TOM,10.121,10.076,10.149,10.128,19937,10.1091
CETS,2023-01-24,CNYRUB_TOM,CNYRUB_TOM,10.13,10.094,10.149,10.138,21449,10.1159
CETS,2023-01-25,CNYRUB_TOM,CNYRUB_TOM,10.143,10.127,10.219,10.216,23068,10.1559
CETS,2023-01-26,CNYRUB_TOM,CNYRUB_TOM,10.217,10.204,10.304,10.279,30490,10.2528
CETS,2023-01-27,CNYRUB_TOM,CNYRUB_TOM,10.291,10.235,10.292,10.26,22980,10.2562
CETS,2023-01-30,CNYRUB_TOM,CNYRUB_TOM,10.26,10.26,10.405,10.405,30101,10.3267
CETS,2023-01-31,CNYRUB_TOM,CNYRUB_TOM,10.418,10.319,10.47,10.348,37294,10.4172
CETS,2023-02-01,CNYRUB_TOM,CNYRUB_TOM,10.347,10.347,10.425,10.391,35845,10.3888
CETS,2023-02-02,CNYRUB_TOM,CNYRUB_TOM,10.4,10.373,10.459,10.451,40981,10.4099
CETS,2023-02-03,CNYRUB_TOM,CNYRUB_TOM,10.444,10.385,10.45,10.417,33925,10.4238
CETS,2023-02-06,CNYRUB_TOM,CNYRUB_TOM,10.41,10.356,10.437,10.419,31648,10.3901
CETS,2023-02-07,CNYRUB_TOM,CNYRUB_TOM,10.419,10.409,10.465,10.455,36277,10.4385
CETS,2023-02-08,CNYRUB_TOM,CNYRUB_TOM,10.456,10.447,10.67,10.67,40845,10.5556
CETS,2023-02-09,CNYRUB_TOM,CNYRUB_TOM,10.675,10.672,10.806,10.767,35264,10.7503
CETS,2023-02-10,CNYRUB_TOM,CNYRUB_TOM,10.767,10.659,10.79,10.749,32003,10.701
CETS,2023-02-13,CNYRUB_TOM,CNYRUB_TOM,10.809,10.702,10.809,10.8,29218,10.7725
CETS,2023-02-14,CNYRUB_TOM,CNYRUB_TOM,10.79,10.701,10.85,10.803,35567,10.8101
CETS,2023-02-15,CNYRUB_TOM,CNYRUB_TOM,10.8,10.768,10.905,10.87,38123,10.8472
CETS,2023-02-16,CNYRUB_TOM,CNYRUB_TOM,10.873,10.849,10.919,10.875,33217,10.8843
CETS,2023-02-17,CNYRUB_TOM,CNYRUB_TOM,10.875,10.734,10.913,10.76,50052,10.8206
CETS,2024-01-03,CNYRUB_TOM,CNYRUB_TOM,12.736,12.664,12.777,12.752,14385,12.7257
CETS,2024-01-04,CNYRUB_TOM,CNYRUB_TOM,12.737,12.648,12.7755,12.676,19600,12.7068
CETS,2024-01-05,CNYRUB_TOM,CNYRUB_TOM,12.676,12.6225,12.7035,12.65,9771,12.6485
CETS,2024-01-08,CNYRUB_TOM,CNYRUB_TOM,12.66,12.573,12.7495,12.711,13458,12.6447
CETS,2024-01-09,CNYRUB_TOM,CNYRUB_TOM,12.7135,12.398,12.739,12.4935,96991,12.5615
CETS,2024-01-10,CNYRUB_TOM,CNYRUB_TOM,12.5,12.384,12.535,12.409,71146,12.4317
CETS,2024-01-11,CNYRUB_TOM,CNYRUB_TOM,12.426,12.3155,12.4475,12.323,82118,12.3647
CETS,2024-01-12,CNYRUB_TOM,CNYRUB_TOM,12.323,12.2145,12.329,12.226,80728,12.2459
CETS,2024-01-15,CNYRUB_TOM,CNYRUB_TOM,12.226,12.1025,12.24,12.1335,64666,12.1552
CETS,2024-01-16,CNYRUB_TOM,CNYRUB_TOM,12.134,12.0975,12.3355,12.12,81519,12.1301
CETS,2024-01-17,CNYRUB_TOM,CNYRUB_TOM,12.12,12.12,12.256,12.2165,77337,12.1933
CETS,2024-01-18,CNYRUB_TOM,CNYRUB_TOM,12.234,12.211,12.363,12.265,69767,12.2536
CETS,2024-01-19,CNYRUB_TOM,CNYRUB_TOM,12.274,12.215,12.335,12.216,55082,12.2644
CETS,2024-01-22,CNYRUB_TOM,CNYRUB_TOM,12.2245,12.1515,12.278,12.19,57269,12.1853
CETS,2024-01-23,CNYRUB_TOM,CNYRUB_TOM,12.1925,12.1825,12.288,12.278,74894,12.2362
CETS,2024-01-24,CNYRUB_TOM,CNYRUB_TOM,12.3,12.2435,12.349,12.346,92888,12.2957
CETS,2024-01-25,CNYRUB_TOM,CNYRUB_TOM,12.346,12.3025,12.4085,12.379,101588,12.3439
CETS,2024-01-26,CNYRUB_TOM,CNYRUB_TOM,12.393,12.37,12.4935,12.487,71569,12.4432
CETS,2024-01-29,CNYRUB_TOM,CNYRUB_TOM,12.4905,12.344,12.531,12.3545,67284,12.4426
CETS,2024-01-30,CNYRUB_TOM,CNYRUB_TOM,12.356,12.322,12.44,12.439,58223,12.4059
CETS,2024-01-31,CNYRUB_TOM,CNYRUB_TOM,12.4505,12.4095,12.509,12.501,62697,12.4617
CETS,2024-02-01,CNYRUB_TOM,CNYRUB_TOM,12.513,12.476,12.574,12.566,51065,12.5398
CETS,2024-02-02,CNYRUB_TOM,CNYRUB_TOM,12.589,12.5455,12.6545,12.612,58286,12.6053
CETS,2024-02-05,CNYRUB_TOM,CNYRUB_TOM,12.6255,12.473,12.668,12.55,75147,12.5987
CETS,2024-02-06,CNYRUB_TOM,CNYRUB_TOM,12.5685,12.5505,12.66,12.648,70365,12.6031
CETS,2024-02-07,CNYRUB_TOM,CNYRUB_TOM,12.66,12.595,12.672,12.6505,60470,12.6428
CETS,2024-02-08,CNYRUB_TOM,CNYRUB_TOM,12.662,12.5375,12.686,12.556,105113,12.626
CETS,2024-02-09,CNYRUB_TOM,CNYRUB_TOM,12.585,12.5105,12.6165,12.571,61649,12.5419
CETS,2024-02-12,CNYRUB_TOM,CNYRUB_TOM,12.572,12.521,12.6095,12.6,49799,12.5654
CETS,2024-02-13,CNYRUB_TOM,CNYRUB_TOM,12.6,12.54,12.606,12.557,45630,12.5726
CETS,2024-02-14,CNYRUB_TOM,CNYRUB_TOM,12.557,12.543,12.615,12.583,49165,12.5875
CETS,2024-02-15,CNYRUB_TOM,CNYRUB_TOM,12.5835,12.5625,12.748,12.7385,81499,12.6679
CETS,2024-02-16,CNYRUB_TOM,CNYRUB_TOM,12.7385,12.65,12.8115,12.6515,89179,12.7333
CETS,2024-02-19,CNYRUB_TOM,CNYRUB_TOM,12.663,12.652,12.7965,12.78,78656,12.7657
CETS,2025-01-03,CNYRUB_TOM,CNYRUB_TOM,13.799,13.702,13.84,13.7975,5515,13.7972
CETS,2025-01-06,CNYRUB_TOM,CNYRUB_TOM,13.7975,13.589,13.8225,13.624,11547,13.6639
CETS,2025-01-08,CNYRUB_TOM,CNYRUB_TOM,13.63,13.51,13.69,13.51,5784,13.6045
CETS,2025-01-09,CNYRUB_TOM,CNYRUB_TOM,13.565,13.5645,13.779,13.58,48365,13.6637
CETS,2025-01-10,CNYRUB_TOM,CNYRUB_TOM,13.615,13.5935,13.7345,13.72,48087,13.6797
CETS,2025-01-13,CNYRUB_TOM,CNYRUB_TOM,13.73,13.7235,13.8575,13.818,52229,13.8201
CETS,2025-01-14,CNYRUB_TOM,CNYRUB_TOM,13.845,13.8405,13.9895,13.9385,44562,13.9366
CETS,2025-01-15,CNYRUB_TOM,CNYRUB_TOM,13.949,13.8755,13.998,13.902,40179,13.9225
CETS,2025-01-16,CNYRUB_TOM,CNYRUB_TOM,13.9025,13.8495,13.94,13.909,50041,13.9119
CETS,2025-01-17,CNYRUB_TOM,CNYRUB_TOM,13.909,13.85,13.96,13.87,41639,13.9337
CETS,2025-01-20,CNYRUB_TOM,CNYRUB_TOM,13.864,13.7655,13.891,13.8225,43150,13.8307
CETS,2025-01-21,CNYRUB_TOM,CNYRUB_TOM,13.8385,13.576,13.8385,13.583,59475,13.703
CETS,2025-01-22,CNYRUB_TOM,CNYRUB_TOM,13.583,13.5055,13.5865,13.5415,63333,13.5438
CETS,2025-01-23,CNYRUB_TOM,CNYRUB_TOM,13.589,13.533,13.61,13.5495,33254,13.5726
CETS,2025-01-24,CNYRUB_TOM,CNYRUB_TOM,13.6735,13.422,13.6735,13.469,64811,13.5005
CETS,2025-01-27,CNYRUB_TOM,CNYRUB_TOM,13.52,13.293,13.561,13.4645,83415,13.3899
CETS,2025-01-28,CNYRUB_TOM,CNYRUB_TOM,13.4695,13.31,13.5955,13.368,59206,13.4388
CETS,2025-01-29,CNYRUB_TOM,CNYRUB_TOM,13.3755,13.3005,13.44,13.3965,50880,13.3837
CETS,2025-01-30,CNYRUB_TOM,CNYRUB_TOM,13.4285,13.2,13.4315,13.231,58455,13.3474
CETS,2025-01-31,CNYRUB_TOM,CNYRUB_TOM,13.219,13.1895,13.381,13.354,63204,13.2725
CETS,2025-02-03,CNYRUB_TOM,CNYRUB_TOM,13.395,13.235,13.494,13.267,42057,13.3824
CETS,2025-02-04,CNYRUB_TOM,CNYRUB_TOM,13.3,13.233,13.337,13.267,37991,13.2849
CETS,2025-02-05,CNYRUB_TOM,CNYRUB_TOM,13.326,12.9875,13.39,12.996,82362,13.1511
CETS,2025-02-06,CNYRUB_TOM,CNYRUB_TOM,12.91,12.8385,13.299,13.2425,84187,13.0688
CETS,2025-02-07,CNYRUB_TOM,CNYRUB_TOM,13.2855,13.1605,13.35,13.2735,65117,13.2451
CETS,2025-02-10,CNYRUB_TOM,CNYRUB_TOM,13.287,13.101,13.32,13.11,42378,13.2252
CETS,2025-02-11,CNYRUB_TOM,CNYRUB_TOM,13.12,12.903,13.151,12.915,117764,13.0076
CETS,2025-02-12,CNYRUB_TOM,CNYRUB_TOM,12.893,12.654,12.896,12.66,80308,12.763
CETS,2025-02-13,CNYRUB_TOM,CNYRUB_TOM,12.25,12.13,12.474,12.28,128010,12.3414
CETS,2025-02-14,CNYRUB_TOM,CNYRUB_TOM,12.24,12.187,12.6255,12.475,81721,12.4143
CETS,2025-02-17,CNYRUB_TOM,CNYRUB_TOM,12.48,12.288,12.549,12.333,63606,12.4609
CETS,2025-02-18,CNYRUB_TOM,CNYRUB_TOM,12.4,12.3505,12.4655,12.4225,74048,12.4124
CETS,2025-02-19,CNYRUB_TOM,CNYRUB_TOM,12.39,12.276,12.439,12.356,71954,12.3486
CETS,2025-02-20,CNYRUB_TOM,CNYRUB_TOM,12.3195,12.0,12.3225,12.018,61507,12.1277
CETS,2026-01-05,CNYRUB_TOM,CNYRUB_TOM,11.287,11.2615,11.4415,11.4105,14411,11.3873
CETS,2026-01-06,CNYRUB_TOM,CNYRUB_TOM,11.448,11.3095,11.478,11.3145,10158,11.3763
CETS,2026-01-08,CNYRUB_TOM,CNYRUB_TOM,11.3295,11.291,11.4105,11.315,18576,11.3595
CETS,2026-01-09,CNYRUB_TOM,CNYRUB_TOM,11.3145,11.2115,11.327,11.228,10057,11.253
CETS,2026-01-12,CNYRUB_TOM,CNYRUB_TOM,11.2275,11.2185,11.34,11.26,69668,11.2788
CETS,2026-01-13,CNYRUB_TOM,CNYRUB_TOM,11.282,11.24,11.3155,11.2845,55231,11.2711
CETS,2026-01-14,CNYRUB_TOM,CNYRUB_TOM,11.2835,11.178,11.3115,11.1915,77546,11.2332
CETS,2026-01-15,CNYRUB_TOM,CNYRUB_TOM,11.2085,11.125,11.269,11.152,75713,11.2215
CETS,2026-01-16,CNYRUB_TOM,CNYRUB_TOM,11.13,11.104,11.197,11.169,79249,11.1515
CETS,2026-01-19,CNYRUB_TOM,CNYRUB_TOM,11.18,11.1235,11.21,11.1425,47091,11.1558
CETS,2026-01-20,CNYRUB_TOM,CNYRUB_TOM,11.151,11.1225,11.19,11.1505,50324,11.1668
CETS,2026-01-21,CNYRUB_TOM,CNYRUB_TOM,11.1605,10.955,11.168,10.955,107279,11.0864
CETS,2026-01-22,CNYRUB_TOM,CNYRUB_TOM,10.953,10.809,10.9705,10.83,85403,10.8625
CETS,2026-01-23,CNYRUB_TOM,CNYRUB_TOM,10.8475,10.827,10.894,10.855,59571,10.8705
CETS,2026-01-26,CNYRUB_TOM,CNYRUB_TOM,10.8425,10.816,11.0285,10.9965,99341,10.9367
CETS,2026-01-27,CNYRUB_TOM,CNYRUB_TOM,11.015,10.911,11.052,10.9195,106095,10.9641
CETS,2026-01-28,CNYRUB_TOM,CNYRUB_TOM,10.9105,10.867,10.9985,10.948,90696,10.9435
CETS,2026-01-29,CNYRUB_TOM,CNYRUB_TOM,10.939,10.739,10.9615,10.7645,123861,10.8724
CETS,2026-01-30,CNYRUB_TOM,CNYRUB_TOM,10.82,10.7915,10.9685,10.936,95807,10.8801
CETS,2026-02-02,CNYRUB_TOM,CNYRUB_TOM,11.0,10.9725,11.127,10.996,75584,11.0471
CETS,2026-02-03,CNYRUB_TOM,CNYRUB_TOM,11.02,11.0105,11.099,11.0925,80834,11.0641
CETS,2026-02-04,CNYRUB_TOM,CNYRUB_TOM,11.1015,10.9575,11.1435,10.9865,101237,11.0342
CETS,2026-02-05,CNYRUB_TOM,CNYRUB_TOM,11.0,10.925,11.0705,11.07,86418,11.0062
CETS,2026-02-06,CNYRUB_TOM,CNYRUB_TOM,11.09,11.032,11.3155,11.142,113143,11.115
CETS,2026-02-09,CNYRUB_TOM,CNYRUB_TOM,11.19,11.1,11.211,11.165,72962,11.1705
CETS,2026-02-10,CNYRUB_TOM,CNYRUB_TOM,11.165,11.12,11.194,11.158,91438,11.1579
CETS,2026-02-11,CNYRUB_TOM,CNYRUB_TOM,11.1665,11.12,11.1995,11.15,117921,11.1611
CETS,2026-02-12,CNYRUB_TOM,CNYRUB_TOM,11.17,11.14,11.1855,11.173,88414,11.1578
CETS,2026-02-13,CNYRUB_TOM,CNYRUB_TOM,11.16,11.0805,11.175,11.096,72456,11.1411
CETS,2026-02-16,CNYRUB_TOM,CNYRUB_TOM,11.0985,11.051,11.1315,11.125,69351,11.0884
CETS,2026-02-17,CNYRUB_TOM,CNYRUB_TOM,11.1185,10.9765,11.132,10.99,38554,11.0692
CETS,2026-02-18,CNYRUB_TOM,CNYRUB_TOM,11.0155,10.9665,11.142,11.111,73718,11.0513
CETS,2026-02-19,CNYRUB_TOM,CNYRUB_TOM,11.111,11.0235,11.1185,11.05,102815,11.0757
CETS,2026-02-20,CNYRUB_TOM,CNYRUB_TOM,11.06,11.04,11.138,11.11,66880,11.0938
